{
    "id": 102,
    "position" :[587120.69334153, 4141567.323771432, 0.0],
    "theta": 1.1659045405098132,
    "length": 4,
    "width": 2,
    "height": 1,
    "speed": 8.0,
    "tracking_time": 1.0,
    "type": "VEHICLE",
    "trace": [
	[587120.69334153, 4141567.323771432, 0.0],
        [587115.67990325065, 4141568.5807220656, 0.0],
        [587110.67532728869, 4141569.8366586245, 0.0],
        [587105.66190376831, 4141571.0925057749, 0.0],
        [587100.64847025054, 4141572.349465366, 0.0],
        [587095.643899046, 4141573.605410866, 0.0],
        [587091.05640867841, 4141574.7536458578, 0.0]     
    ]
}
