{
    "id": 101,
    "position": [586929.04957073624, 4140972.12786311, 0.0],
    "theta": 1.1659045405098132,
    "length": 4,
    "width": 2,
    "height": 1,
    "speed": 8.0,
    "tracking_time": 1.0,
    "type": "VEHICLE",
    "trace": [
    	[586929.04957073624, 4140972.12786311, 0.0],
	[586933.9216551421, 4140970.8770867237, 0.0],
	[586938.82011704694, 4140969.6432315428, 0.0],
	[586943.69199645356, 4140968.4124309653, 0.0],
	[586948.57272715424, 4140967.1817254163, 0.0],
	[586953.45345936553, 4140965.9510226976, 0.0],
	[586955.99144533777, 4140965.3106146236, 0.0]   
    ]
}
